Region,SalesRep,Quarter,Category,Target,Actual
Karachi,Kashif,Q1,Electronics,919000,989719
Karachi,Sara,Q1,Apparel,442000,316908
Karachi,Sara,Q1,Groceries,1073000,905420
Karachi,Sara,Q2,Electronics,933000,805487
Karachi,Imran,Q2,Apparel,513000,453611
Karachi,Imran,Q2,Groceries,900000,637738
Karachi,Mehwish,Q3,Electronics,1060000,1230682
Karachi,Ali,Q3,Apparel,1163000,940567
Karachi,Mehwish,Q3,Groceries,431000,424965
Karachi,Nadia,Q4,Electronics,621000,745973
Karachi,Imran,Q4,Apparel,966000,681791
Karachi,Nadia,Q4,Groceries,492000,565604
Lahore,Sara,Q1,Electronics,470000,443293
Lahore,Nadia,Q1,Apparel,1016000,1096109
Lahore,Mehwish,Q1,Groceries,525000,681912
Lahore,Imran,Q2,Electronics,895000,712540
Lahore,Sara,Q2,Apparel,1111000,1006935
Lahore,Kashif,Q2,Groceries,958000,937326
Lahore,Kashif,Q3,Electronics,1188000,1224777
Lahore,Sara,Q3,Apparel,929000,745721
Lahore,Imran,Q3,Groceries,548000,494211
Lahore,Nadia,Q4,Electronics,1197000,930307
Lahore,Nadia,Q4,Apparel,783000,554265
Lahore,Imran,Q4,Groceries,833000,800340
Islamabad,Ali,Q1,Electronics,569000,615211
Islamabad,Sara,Q1,Apparel,749000,898564
Islamabad,Mehwish,Q1,Groceries,416000,470910
Islamabad,Nadia,Q2,Electronics,1112000,1233449
Islamabad,Sara,Q2,Apparel,1073000,1186153
Islamabad,Ali,Q2,Groceries,773000,597784
Islamabad,Ali,Q3,Electronics,471000,475500
Islamabad,Sara,Q3,Apparel,496000,454728
Islamabad,Sara,Q3,Groceries,924000,782859
Islamabad,Imran,Q4,Electronics,973000,1078539
Islamabad,Sara,Q4,Apparel,1090000,944664
Islamabad,Kashif,Q4,Groceries,837000,883222
Hyderabad,Nadia,Q1,Electronics,725000,889852
Hyderabad,Kashif,Q1,Apparel,1082000,990125
Hyderabad,Imran,Q1,Groceries,1179000,1487800
Hyderabad,Mehwish,Q2,Electronics,591000,741204
Hyderabad,Nadia,Q2,Apparel,971000,1057119
Hyderabad,Sara,Q2,Groceries,1116000,1103289
Hyderabad,Imran,Q3,Electronics,753000,865155
Hyderabad,Nadia,Q3,Apparel,954000,671114
Hyderabad,Imran,Q3,Groceries,637000,660162
Hyderabad,Nadia,Q4,Electronics,427000,536518
Hyderabad,Mehwish,Q4,Apparel,409000,449986
Hyderabad,Imran,Q4,Groceries,838000,1046827
Faisalabad,Ali,Q1,Electronics,1134000,1306938
Faisalabad,Nadia,Q1,Apparel,691000,520540
Faisalabad,Ali,Q1,Groceries,730000,643866
Faisalabad,Kashif,Q2,Electronics,696000,649748
Faisalabad,Kashif,Q2,Apparel,410000,389674
Faisalabad,Imran,Q2,Groceries,1041000,761346
Faisalabad,Nadia,Q3,Electronics,754000,814796
Faisalabad,Sara,Q3,Apparel,508000,478758
Faisalabad,Sara,Q3,Groceries,436000,478970
Faisalabad,Mehwish,Q4,Electronics,549000,676061
Faisalabad,Sara,Q4,Apparel,847000,806851
Faisalabad,Sara,Q4,Groceries,961000,924353
Multan,Kashif,Q1,Electronics,647000,528822
Multan,Sara,Q1,Apparel,406000,435932
Multan,Ali,Q1,Groceries,924000,1168151
Multan,Sara,Q2,Electronics,469000,532091
Multan,Nadia,Q2,Apparel,947000,991945
Multan,Ali,Q2,Groceries,1152000,975063
Multan,Kashif,Q3,Electronics,532000,476727
Multan,Ali,Q3,Apparel,562000,445374
Multan,Mehwish,Q3,Groceries,808000,639978
Multan,Nadia,Q4,Electronics,813000,631150
Multan,Nadia,Q4,Apparel,1134000,1285627
Multan,Nadia,Q4,Groceries,1151000,907455
Peshawar,Kashif,Q1,Electronics,708000,612704
Peshawar,Kashif,Q1,Apparel,519000,609771
Peshawar,Nadia,Q1,Groceries,914000,1085674
Peshawar,Nadia,Q2,Electronics,1082000,759422
Peshawar,Mehwish,Q2,Apparel,675000,742285
Peshawar,Imran,Q2,Groceries,989000,930471
Peshawar,Kashif,Q3,Electronics,1015000,1037412
Peshawar,Nadia,Q3,Apparel,412000,288922
Peshawar,Kashif,Q3,Groceries,812000,757000
Peshawar,Kashif,Q4,Electronics,524000,425062
Peshawar,Sara,Q4,Apparel,824000,588354
Peshawar,Nadia,Q4,Groceries,1016000,1203351
Quetta,Nadia,Q1,Electronics,1086000,1243766
Quetta,Kashif,Q1,Apparel,1067000,1327159
Quetta,Kashif,Q1,Groceries,699000,501779
Quetta,Ali,Q2,Electronics,466000,334627
Quetta,Nadia,Q2,Apparel,862000,707320
Quetta,Ali,Q2,Groceries,405000,451505
Quetta,Imran,Q3,Electronics,1174000,1398830
Quetta,Imran,Q3,Apparel,1156000,1193229
Quetta,Ali,Q3,Groceries,896000,819903
Quetta,Nadia,Q4,Electronics,779000,785677
Quetta,Nadia,Q4,Apparel,875000,876944
Quetta,Kashif,Q4,Groceries,981000,1190024