EmployeeID,Name,Department,City,JoinDate,Salary
E200,Ahmed Khan,Finance,Karachi,2023-11-23,120000
E201,Fatima Ali,Sales,Lahore,2023-07-13,172000
E202,Bilal Raza,Operations,Islamabad,2023-07-21,210000
E203,Ayesha Shah,HR,Hyderabad,2023-05-14,131000
E204,Hamza Malik,IT,Faisalabad,2023-09-22,146000
E205,Sana Khan,Finance,Multan,2023-04-18,220000
E206,Usman Ali,Sales,Peshawar,2023-11-16,152000
E207,Hira Raza,Operations,Quetta,2023-08-16,244000
E208,Zain Shah,HR,Karachi,2023-07-05,121000
E209,Mahnoor Malik,IT,Lahore,2023-02-10,244000
E210,Saad Khan,Finance,Islamabad,2023-11-18,173000
E211,Iqra Ali,Sales,Hyderabad,2023-05-12,96000
E212,Omar Raza,Operations,Faisalabad,2023-03-02,198000
E213,Rabia Shah,HR,Multan,2023-05-03,244000
E214,Danish Malik,IT,Peshawar,2023-05-13,89000
E215,Ahmed Khan,Finance,Quetta,2023-10-08,148000
E216,Fatima Ali,Sales,Karachi,2023-02-06,187000
E217,Bilal Raza,Operations,Lahore,2023-03-17,228000
E218,Ayesha Shah,HR,Islamabad,2023-09-22,203000
E219,Hamza Malik,IT,Hyderabad,2023-11-19,95000
E220,Sana Khan,Finance,Faisalabad,2023-08-21,318000
E221,Usman Ali,Sales,Multan,2023-07-27,144000
E222,Hira Raza,Operations,Peshawar,2023-12-02,90000
E223,Zain Shah,HR,Quetta,2023-04-24,321000
E224,Mahnoor Malik,IT,Karachi,2023-09-16,129000
E225,Saad Khan,Finance,Lahore,2023-07-22,114000
E226,Iqra Ali,Sales,Islamabad,2023-10-19,229000
E227,Omar Raza,Operations,Hyderabad,2023-11-09,68000
E228,Rabia Shah,HR,Faisalabad,2023-09-15,238000
E229,Danish Malik,IT,Multan,2023-09-19,73000
E230,Ahmed Khan,Finance,Peshawar,2023-09-27,305000
E231,Fatima Ali,Sales,Quetta,2023-08-16,123000
E232,Bilal Raza,Operations,Karachi,2023-08-16,187000
E233,Ayesha Shah,HR,Lahore,2023-01-24,249000
E234,Hamza Malik,IT,Islamabad,2023-12-09,276000
E235,Sana Khan,Finance,Hyderabad,2023-11-16,240000
E236,Usman Ali,Sales,Faisalabad,2023-03-08,190000
E237,Hira Raza,Operations,Multan,2023-06-02,225000
E238,Zain Shah,HR,Peshawar,2023-10-24,85000
E239,Mahnoor Malik,IT,Quetta,2023-04-18,182000
E240,Saad Khan,Finance,Karachi,2023-04-09,81000
E241,Iqra Ali,Sales,Lahore,2023-05-13,244000
E242,Omar Raza,Operations,Islamabad,2023-07-16,185000
E243,Rabia Shah,HR,Hyderabad,2023-08-25,334000
E244,Danish Malik,IT,Faisalabad,2023-06-23,344000